{
  "version": 1,
  "author": "Logic Puzzle",
  "editor": "wokwi",
  "parts": [
    { "type": "wokwi-arduino-uno", "id": "uno", "top": -18.6, "left": -211.8, "attrs": {} },
    { "type": "wokwi-dip-switch-8", "id": "dip1", "top": -128.1, "left": 395.1, "attrs": {} },
    { "type": "wokwi-led", "id": "led1", "top": 255.6, "left": 51.8, "attrs": { "color": "red" } },
    {
      "type": "wokwi-led",
      "id": "led2",
      "top": 265.2,
      "left": 147.8,
      "attrs": { "color": "green" }
    },
    {
      "type": "wokwi-led",
      "id": "led3",
      "top": -128.4,
      "left": 176.6,
      "attrs": { "color": "blue" }
    },
    { "type": "wokwi-led", "id": "led4", "top": -90, "left": 263, "attrs": { "color": "yellow" } },
    {
      "type": "wokwi-led",
      "id": "led5",
      "top": 15.6,
      "left": 234.2,
      "attrs": { "color": "purple" }
    },
    { "type": "wokwi-led", "id": "led6", "top": 54, "left": 291.8, "attrs": { "color": "cyan" } },
    {
      "type": "wokwi-led",
      "id": "led7",
      "top": 178.8,
      "left": 368.6,
      "attrs": { "color": "white" }
    },
    {
      "type": "wokwi-led",
      "id": "led8",
      "top": 73.2,
      "left": 426.2,
      "attrs": { "color": "orange" }
    },
    {
      "type": "wokwi-resistor",
      "id": "r1",
      "top": 243.95,
      "left": 9.6,
      "attrs": { "value": "220" }
    },
    {
      "type": "wokwi-resistor",
      "id": "r2",
      "top": 272.75,
      "left": 86.4,
      "attrs": { "value": "220" }
    },
    {
      "type": "wokwi-resistor",
      "id": "r3",
      "top": -92.05,
      "left": 115.2,
      "attrs": { "value": "220" }
    },
    {
      "type": "wokwi-resistor",
      "id": "r4",
      "top": -53.65,
      "left": 192,
      "attrs": { "value": "220" }
    },
    {
      "type": "wokwi-resistor",
      "id": "r5",
      "top": 71.15,
      "left": 153.6,
      "attrs": { "value": "220" }
    },
    {
      "type": "wokwi-resistor",
      "id": "r6",
      "top": 109.55,
      "left": 220.8,
      "attrs": { "value": "220" }
    },
    {
      "type": "wokwi-resistor",
      "id": "r7",
      "top": 234.35,
      "left": 326.4,
      "attrs": { "value": "220" }
    },
    { "type": "wokwi-resistor", "id": "r8", "top": 100, "left": 375, "attrs": { "value": "220" } }
  ],
  "connections": [
    [ "uno:2", "dip1:1", "blue", [] ],
    [ "uno:3", "dip1:2", "green", [] ],
    [ "uno:4", "dip1:3", "yellow", [] ],
    [ "uno:5", "dip1:4", "orange", [] ],
    [ "uno:6", "dip1:5", "purple", [] ],
    [ "uno:7", "dip1:6", "cyan", [] ],
    [ "uno:8", "dip1:7", "white", [] ],
    [ "uno:9", "dip1:8", "brown", [] ],
    [ "dip1:9", "uno:GND", "black", [] ],
    [ "uno:10", "r1:1", "red", [] ],
    [ "r1:2", "led1:A", "red", [] ],
    [ "led1:C", "uno:GND", "black", [] ],
    [ "uno:11", "r2:1", "green", [] ],
    [ "r2:2", "led2:A", "green", [] ],
    [ "led2:C", "uno:GND", "black", [] ],
    [ "uno:12", "r3:1", "blue", [] ],
    [ "r3:2", "led3:A", "blue", [] ],
    [ "led3:C", "uno:GND", "black", [] ],
    [ "uno:13", "r4:1", "yellow", [] ],
    [ "r4:2", "led4:A", "yellow", [] ],
    [ "led4:C", "uno:GND", "black", [] ],
    [ "uno:A0", "r5:1", "purple", [] ],
    [ "r5:2", "led5:A", "purple", [] ],
    [ "led5:C", "uno:GND", "black", [] ],
    [ "uno:A1", "r6:1", "cyan", [] ],
    [ "r6:2", "led6:A", "cyan", [] ],
    [ "led6:C", "uno:GND", "black", [] ],
    [ "uno:A2", "r7:1", "white", [] ],
    [ "r7:2", "led7:A", "white", [] ],
    [ "led7:C", "uno:GND", "black", [] ],
    [ "uno:A3", "r8:1", "orange", [] ],
    [ "r8:2", "led8:A", "orange", [] ],
    [ "led8:C", "uno:GND", "black", [] ]
  ],
  "dependencies": {}
}