{
  "version": 1,
  "author": "7-Segment Display with Shift Register",
  "editor": "wokwi",
  "parts": [
    { "type": "wokwi-arduino-uno", "id": "uno", "top": 0, "left": 0 },
    { "type": "wokwi-7segment", "id": "display", "top": 100, "left": 300, "attrs": {} },
    { "type": "wokwi-74hc595", "id": "shiftreg", "top": 100, "left": 150, "attrs": {} }
  ],
  "connections": [
    ["uno:8", "shiftreg:14", "green"],  
    ["uno:12", "shiftreg:11", "blue"],  
    
    ["shiftreg:15", "display:a", "red"],
    ["shiftreg:1", "display:b", "red"],
    ["shiftreg:2", "display:c", "red"],
    ["shiftreg:3", "display:d", "red"],
    ["shiftreg:4", "display:e", "red"],
    ["shiftreg:5", "display:f", "red"],
    ["shiftreg:6", "display:g", "red"],
    ["shiftreg:7", "display:dp", "red"],
    
    ["shiftreg:16", "uno:5V", "red"],
    ["shiftreg:10", "uno:GND", "black"],
    ["shiftreg:13", "uno:GND", "black"]
  ]
}