{
  "version": 1,
  "author": "Arduino Security System",
  "editor": "wokwi",
  "parts": [
    { "type": "wokwi-arduino-uno", "id": "uno", "top": 0, "left": 0, "attrs": {} },
    {
      "type": "wokwi-hc-sr04",
      "id": "sensor1",
      "top": -200,
      "left": 100,
      "attrs": { "distance": "400" }
    },
    {
      "type": "wokwi-hc-sr04",
      "id": "sensor2",
      "top": -200,
      "left": 300,
      "attrs": { "distance": "400" }
    },
    { "type": "wokwi-led", "id": "led1", "top": -90, "left": 51.8, "attrs": { "color": "red" } },
    {
      "type": "wokwi-led",
      "id": "led2",
      "top": -61.2,
      "left": 272.6,
      "attrs": { "color": "yellow" }
    },
    { "type": "wokwi-led", "id": "led3", "top": 6, "left": 551, "attrs": { "color": "green" } },
    { "type": "wokwi-piezo-buzzer", "id": "buzzer1", "top": 200, "left": 200, "attrs": {} },
    {
      "type": "wokwi-resistor",
      "id": "r1",
      "top": -53.65,
      "left": -9.6,
      "attrs": { "value": "220" }
    },
    {
      "type": "wokwi-resistor",
      "id": "r2",
      "top": -63.25,
      "left": 220.8,
      "attrs": { "value": "220" }
    },
    {
      "type": "wokwi-resistor",
      "id": "r3",
      "top": 51.95,
      "left": 480,
      "attrs": { "value": "220" }
    }
  ],
  "connections": [
    [ "uno:5V", "sensor1:VCC", "red", [] ],
    [ "uno:GND", "sensor1:GND", "black", [] ],
    [ "uno:2", "sensor1:TRIG", "blue", [] ],
    [ "uno:3", "sensor1:ECHO", "green", [] ],
    [ "uno:5V", "sensor2:VCC", "red", [] ],
    [ "uno:GND", "sensor2:GND", "black", [] ],
    [ "uno:4", "sensor2:TRIG", "blue", [] ],
    [ "uno:5", "sensor2:ECHO", "green", [] ],
    [ "uno:7", "r1:1", "yellow", [] ],
    [ "r1:2", "led1:A", "yellow", [] ],
    [ "led1:C", "uno:GND", "black", [] ],
    [ "uno:8", "r2:1", "orange", [] ],
    [ "r2:2", "led2:A", "orange", [] ],
    [ "led2:C", "uno:GND", "black", [] ],
    [ "uno:6", "r3:1", "green", [] ],
    [ "r3:2", "led3:A", "green", [] ],
    [ "led3:C", "uno:GND", "black", [] ],
    [ "uno:9", "buzzer1:+", "purple", [] ],
    [ "buzzer1:-", "uno:GND", "black", [] ]
  ],
  "dependencies": {}
}