{
  "version": "1.0",
  "author": "Sensor and Display",
  "editor": "wokwi",
  "parts": [
    {"type": "wokwi-arduino-uno", "id": "uno", "top": 0, "left": 0, "attrs": {}},
    {"type": "wokwi-dht22", "id": "dht22", "top": -150, "left": 200, "attrs": {}},
    {"type": "wokwi-lcd1602", "id": "lcd", "top": 100, "left": 150, "attrs": {"pins": ["7", "6", "5", "4", "3", "2"], "backlight": "on"}}
  ],
  "connections": [
    ["uno:5V", "dht22:VCC", "red"],
    ["uno:GND", "dht22:GND", "black"],
    ["uno:8", "dht22:OUT", "yellow"],
    
    ["uno:5V", "lcd:VCC", "red"],
    ["uno:GND", "lcd:GND", "black"],
    ["uno:7", "lcd:RS", "orange"],
    ["uno:6", "lcd:E", "yellow"],
    ["uno:5", "lcd:D4", "green"],
    ["uno:4", "lcd:D5", "blue"],
    ["uno:3", "lcd:D6", "purple"],
    ["uno:2", "lcd:D7", "gray"]
  ],
  "dependencies": {}
}