{
  "version": "1.0",
  "author": "Sensor Display Button",
  "editor": "wokwi",
  "parts": [
    {"type": "wokwi-arduino-uno", "id": "uno", "top": 0, "left": 0, "attrs": {}},
    {"type": "wokwi-dht22", "id": "dht22", "top": -150, "left": 200, "attrs": {}},
    {"type": "wokwi-lcd1602", "id": "lcd", "top": 100, "left": 150, "attrs": {"pins": ["7", "6", "5", "4", "3", "2"], "backlight": "on"}},
    {"type": "wokwi-pushbutton", "id": "btn1", "top": -150, "left": 400, "attrs": {"color": "blue"}},
    {"type": "wokwi-resistor", "id": "r1", "top": -150, "left": 350, "attrs": {"value": "10000"}}
  ],
  "connections": [
    ["uno:5V", "dht22:VCC", "red"],
    ["uno:GND", "dht22:GND", "black"],
    ["uno:8", "dht22:OUT", "yellow"],
    
    ["uno:5V", "lcd:VCC", "red"],
    ["uno:GND", "lcd:GND", "black"],
    ["uno:7", "lcd:RS", "orange"],
    ["uno:6", "lcd:E", "yellow"],
    ["uno:5", "lcd:D4", "green"],
    ["uno:4", "lcd:D5", "blue"],
    ["uno:3", "lcd:D6", "purple"],
    ["uno:2", "lcd:D7", "gray"],
    
    ["uno:9", "btn1:1.l", "brown"],
    ["btn1:2.r", "r1:1", "white"],
    ["r1:2", "uno:5V", "red"],
    ["btn1:1.r", "uno:GND", "black"]
  ],
  "dependencies": {}
}