{
  "version": 1,
  "author": "Arduino",
  "editor": "wokwi",
  "parts": [
    {
      "type": "wokwi-arduino-uno",
      "id": "uno",
      "top": 0,
      "left": 0,
      "attrs": {}
    },
    {
      "type": "wokwi-hc-sr04",
      "id": "sensor1",
      "top": -200,
      "left": 200,
      "attrs": {}
    },
    {
      "type": "wokwi-led-rgb",
      "id": "rgb1",
      "top": 0,
      "left": 300,
      "attrs": "common=cathode"
    },
    {
      "type": "wokwi-resistor",
      "id": "r1",
      "top": -120,
      "left": 400,
      "attrs": "value=220"
    },
    {
      "type": "wokwi-resistor",
      "id": "r2",
      "top": -60,
      "left": 400,
      "attrs": "value=220"
    },
    {
      "type": "wokwi-resistor",
      "id": "r3",
      "top": 0,
      "left": 400,
      "attrs": "value=220"
    }
  ],
  "connections": [
    [ "uno:5V", "sensor1:VCC", "red" ],
    [ "uno:GND", "sensor1:GND", "black" ],
    [ "uno:2", "sensor1:TRIG", "yellow" ],
    [ "uno:3", "sensor1:ECHO", "green" ],
    [ "uno:9", "r1:1", "blue" ],
    [ "r1:2", "rgb1:R", "blue" ],
    [ "uno:10", "r2:1", "green" ],
    [ "r2:2", "rgb1:G", "green" ],
    [ "uno:11", "r3:1", "yellow" ],
    [ "r3:2", "rgb1:B", "yellow" ],
    [ "uno:GND.2", "rgb1:COM", "black" ]
  ]
}