{
  "version": 1,
  "author": "Simple Piano",
  "editor": "wokwi",
  "parts": [
    { "type": "wokwi-arduino-uno", "id": "uno", "top": 0, "left": 0, "attrs": {} },
    {
      "type": "wokwi-pushbutton",
      "id": "btn1",
      "top": -147.4,
      "left": -76.8,
      "attrs": { "color": "red" }
    },
    {
      "type": "wokwi-pushbutton",
      "id": "btn2",
      "top": -233.8,
      "left": 201.6,
      "attrs": { "color": "green" }
    },
    {
      "type": "wokwi-pushbutton",
      "id": "btn3",
      "top": -89.8,
      "left": 297.6,
      "attrs": { "color": "blue" }
    },
    {
      "type": "wokwi-pushbutton",
      "id": "btn4",
      "top": 63.8,
      "left": 441.6,
      "attrs": { "color": "yellow" }
    },
    { "type": "wokwi-piezo-buzzer", "id": "buzzer", "top": 100, "left": 200, "attrs": {} },
    {
      "type": "wokwi-resistor",
      "id": "r1",
      "top": -101.65,
      "left": 48,
      "attrs": { "value": "10000" }
    },
    {
      "type": "wokwi-resistor",
      "id": "r2",
      "top": -159.25,
      "left": 76.8,
      "attrs": { "value": "10000" }
    },
    {
      "type": "wokwi-resistor",
      "id": "r3",
      "top": -120.85,
      "left": 249.6,
      "attrs": { "value": "10000" }
    },
    {
      "type": "wokwi-resistor",
      "id": "r4",
      "top": -168.85,
      "left": 374.4,
      "rotate": 180,
      "attrs": { "value": "10000" }
    }
  ],
  "connections": [
    [ "uno:2", "btn1:1.l", "red", [] ],
    [ "btn1:2.r", "r1:1", "brown", [] ],
    [ "r1:2", "uno:5V", "red", [] ],
    [ "btn1:1.r", "uno:GND", "black", [] ],
    [ "uno:3", "btn2:1.l", "green", [] ],
    [ "btn2:2.r", "r2:1", "brown", [] ],
    [ "r2:2", "uno:5V", "red", [] ],
    [ "btn2:1.r", "uno:GND", "black", [] ],
    [ "uno:4", "btn3:1.l", "blue", [] ],
    [ "btn3:2.r", "r3:1", "brown", [] ],
    [ "r3:2", "uno:5V", "red", [] ],
    [ "btn3:1.r", "uno:GND", "black", [] ],
    [ "uno:5", "btn4:1.l", "yellow", [] ],
    [ "btn4:2.r", "r4:1", "brown", [] ],
    [ "r4:2", "uno:5V", "red", [] ],
    [ "btn4:1.r", "uno:GND", "black", [] ],
    [ "uno:6", "buzzer:+", "orange", [] ],
    [ "buzzer:-", "uno:GND", "black", [] ]
  ],
  "dependencies": {}
}