{
  "version": 1,
  "author": "I2C Scanner",
  "editor": "wokwi",
  "parts": [
    { "type": "wokwi-arduino-uno", "id": "uno", "top": 0, "left": 0, "attrs": {} },
    { "type": "wokwi-ssd1306", "id": "oled", "top": 217.9, "left": 203.5, "attrs": {} },
    { "type": "wokwi-bme280", "id": "bme", "top": 200, "left": 200, "attrs": {} }
  ],
  "connections": [
    [ "uno:A4", "oled:sdа", "yellow", [] ],
    [ "uno:A5", "oled:scl", "green", [] ],
    [ "uno:A4", "bme:sda", "yellow", [] ],
    [ "uno:A5", "bme:scl", "green", [] ],
    [ "oled:vcc", "uno:5V", "red", [] ],
    [ "oled:gnd", "uno:GND", "black", [] ],
    [ "bme:vcc", "uno:3.3V", "red", [] ],
    [ "bme:gnd", "uno:GND", "black", [] ]
  ],
  "dependencies": {}
}