{
  "version": 1,
  "author": "Temperature Check System",
  "editor": "wokwi",
  "parts": [
    { "type": "wokwi-arduino-uno", "id": "uno", "top": 0, "left": 0, "attrs": {} },
    {
      "type": "wokwi-hc-sr04",
      "id": "ultrasonic",
      "top": -200,
      "left": 200,
      "attrs": { "distance": "400" }
    },
    { "type": "wokwi-dht22", "id": "dht22", "top": -100, "left": 400, "attrs": {} },
    {
      "type": "wokwi-led",
      "id": "ledGreen",
      "top": 140.4,
      "left": -149.8,
      "attrs": { "color": "green" }
    },
    {
      "type": "wokwi-led",
      "id": "ledRed",
      "top": 130.8,
      "left": 282.2,
      "attrs": { "color": "red" }
    },
    {
      "type": "wokwi-led",
      "id": "ledBlue",
      "top": 102,
      "left": 330.2,
      "attrs": { "color": "blue" }
    },
    {
      "type": "wokwi-pushbutton",
      "id": "btnStart",
      "top": 200,
      "left": 100,
      "attrs": { "color": "blue" }
    },
    { "type": "wokwi-piezo-buzzer", "id": "buzzer", "top": 200, "left": 300, "attrs": {} },
    {
      "type": "wokwi-resistor",
      "id": "r1",
      "top": 99.95,
      "left": -153.6,
      "attrs": { "value": "220" }
    },
    { "type": "wokwi-resistor", "id": "r2", "top": 100, "left": 150, "attrs": { "value": "220" } },
    { "type": "wokwi-resistor", "id": "r3", "top": 100, "left": 250, "attrs": { "value": "220" } },
    {
      "type": "wokwi-resistor",
      "id": "r4",
      "top": 200,
      "left": 50,
      "attrs": { "value": "10000" }
    }
  ],
  "connections": [
    [ "uno:5V", "ultrasonic:VCC", "red", [] ],
    [ "uno:GND", "ultrasonic:GND", "black", [] ],
    [ "uno:2", "ultrasonic:TRIG", "blue", [] ],
    [ "uno:3", "ultrasonic:ECHO", "green", [] ],
    [ "uno:5V", "dht22:VCC", "red", [] ],
    [ "uno:GND", "dht22:GND", "black", [] ],
    [ "uno:4", "dht22:OUT", "yellow", [] ],
    [ "uno:5", "r1:1", "green", [] ],
    [ "r1:2", "ledGreen:A", "green", [] ],
    [ "ledGreen:C", "uno:GND", "black", [] ],
    [ "uno:6", "r2:1", "yellow", [] ],
    [ "r2:2", "ledRed:A", "yellow", [] ],
    [ "ledRed:C", "uno:GND", "black", [] ],
    [ "uno:7", "r3:1", "blue", [] ],
    [ "r3:2", "ledBlue:A", "blue", [] ],
    [ "ledBlue:C", "uno:GND", "black", [] ],
    [ "uno:8", "btnStart:1.l", "purple", [] ],
    [ "btnStart:2.r", "r4:1", "brown", [] ],
    [ "r4:2", "uno:5V", "red", [] ],
    [ "btnStart:1.r", "uno:GND", "black", [] ],
    [ "uno:9", "buzzer:+", "orange", [] ],
    [ "buzzer:-", "uno:GND", "black", [] ]
  ],
  "dependencies": {}
}