{
  "version": 1,
  "author": "Aircraft Monitoring System",
  "editor": "wokwi",
  "parts": [
    { "type": "wokwi-arduino-uno", "id": "uno", "top": 106.2, "left": -58.2, "attrs": {} },
    { "type": "wokwi-mpu6050", "id": "mpu6050", "top": -200, "left": 200, "attrs": {} },
    { "type": "wokwi-dht22", "id": "dht22", "top": -200, "left": 400, "attrs": {} },
    {
      "type": "wokwi-led",
      "id": "ledGreen",
      "top": -128.4,
      "left": -5.8,
      "attrs": { "color": "green" }
    },
    {
      "type": "wokwi-led",
      "id": "ledYellow",
      "top": -32.4,
      "left": 119,
      "attrs": { "color": "yellow" }
    },
    { "type": "wokwi-led", "id": "ledRed", "top": 100, "left": 300, "attrs": { "color": "red" } },
    { "type": "wokwi-piezo-buzzer", "id": "buzzer", "top": 200, "left": 200, "attrs": {} },
    {
      "type": "wokwi-resistor",
      "id": "r1",
      "top": -72.85,
      "left": -76.8,
      "attrs": { "value": "220" }
    },
    {
      "type": "wokwi-resistor",
      "id": "r2",
      "top": 42.35,
      "left": 96,
      "attrs": { "value": "220" }
    },
    { "type": "wokwi-resistor", "id": "r3", "top": 100, "left": 250, "attrs": { "value": "220" } }
  ],
  "connections": [
    [ "uno:5V", "mpu6050:VCC", "red", [] ],
    [ "uno:GND", "mpu6050:GND", "black", [] ],
    [ "uno:A4", "mpu6050:SDA", "blue", [] ],
    [ "uno:A5", "mpu6050:SCL", "green", [] ],
    [ "uno:5V", "dht22:VCC", "red", [] ],
    [ "uno:GND", "dht22:GND", "black", [] ],
    [ "uno:2", "dht22:OUT", "yellow", [] ],
    [ "uno:3", "r1:1", "green", [] ],
    [ "r1:2", "ledGreen:A", "green", [] ],
    [ "ledGreen:C", "uno:GND", "black", [] ],
    [ "uno:4", "r2:1", "yellow", [] ],
    [ "r2:2", "ledYellow:A", "yellow", [] ],
    [ "ledYellow:C", "uno:GND", "black", [] ],
    [ "uno:5", "r3:1", "red", [] ],
    [ "r3:2", "ledRed:A", "red", [] ],
    [ "ledRed:C", "uno:GND", "black", [] ],
    [ "uno:6", "buzzer:+", "orange", [] ],
    [ "buzzer:-", "uno:GND", "black", [] ]
  ],
  "dependencies": {}
}