{
  "version": 1,
  "author": "You",
  "editor": "wokwi",
  "parts": [
    {
      "type": "wokwi-arduino-uno",
      "id": "uno",
      "top": 0,
      "left": 0,
      "attrs": {}
    },
    {
      "type": "wokwi-led",
      "id": "led1",
      "top": 100,
      "left": 200,
      "attrs": { "color": "red" }
    },
    {
      "type": "wokwi-led",
      "id": "led2",
      "top": 150,
      "left": 200,
      "attrs": { "color": "green" }
    },
    {
      "type": "wokwi-led",
      "id": "led3",
      "top": 200,
      "left": 200,
      "attrs": { "color": "blue" }
    },
    {
      "type": "wokwi-resistor",
      "id": "r1",
      "top": 100,
      "left": 150,
      "attrs": { "value": "220" }
    },
    {
      "type": "wokwi-resistor",
      "id": "r2",
      "top": 150,
      "left": 150,
      "attrs": { "value": "220" }
    },
    {
      "type": "wokwi-resistor",
      "id": "r3",
      "top": 200,
      "left": 150,
      "attrs": { "value": "220" }
    },
    {
      "type": "wokwi-potentiometer",
      "id": "pot1",
      "top": 100,
      "left": 100,
      "attrs": {}
    }
  ],
  "connections": [
    ["uno:9", "r1:1", "red"],
    ["r1:2", "led1:A", "red"],
    ["led1:C", "uno:GND", "black"],
    
    ["uno:10", "r2:1", "green"],
    ["r2:2", "led2:A", "green"],
    ["led2:C", "uno:GND", "black"],
    
    ["uno:11", "r3:1", "blue"],
    ["r3:2", "led3:A", "blue"],
    ["led3:C", "uno:GND", "black"],
    
    ["pot1:1", "uno:5V", "red"],
    ["pot1:2", "uno:A0", "yellow"],
    ["pot1:3", "uno:GND", "black"]
  ]
}