
{
  "version": "1.0",
  "author": "Dual Servo Control",
  "editor": "wokwi",
  "parts": [
    {"type": "wokwi-arduino-uno", "id": "uno", "top": 0, "left": 0, "attrs": {}},
    {"type": "wokwi-servo", "id": "servo1", "top": -150, "left": 100, "attrs": {}},
    {"type": "wokwi-servo", "id": "servo2", "top": -150, "left": 300, "attrs": {}},
    {"type": "wokwi-potentiometer", "id": "pot1", "top": 100, "left": 200, "attrs": {"value": "50"}}
  ],
  "connections": [
    ["uno:5V", "servo1:VCC", "red"],
    ["uno:GND", "servo1:GND", "black"],
    ["uno:9", "servo1:SIG", "orange"],
    
    ["uno:5V", "servo2:VCC", "red"],
    ["uno:GND", "servo2:GND", "black"],
    ["uno:10", "servo2:SIG", "orange"],
    
    ["uno:5V", "pot1:VCC", "red"],
    ["uno:GND", "pot1:GND", "black"],
    ["uno:A0", "pot1:SIG", "yellow"]
  ],
  "dependencies": {}
}