{
  "version": 1,
  "author": "Two Sensors",
  "editor": "wokwi",
  "parts": [
    { "type": "wokwi-arduino-uno", "id": "uno", "top": 0, "left": 0 },
    { "type": "wokwi-dht22", "id": "dht", "top": 100, "left": 200 },
    { "type": "wokwi-photoresistor", "id": "ldr", "top": 200, "left": 200 },
    { "type": "wokwi-max7219-matrix", "id": "matrix", "top": 300, "left": 200 }
  ],
  "connections": [
    ["dht:VCC", "uno:5V", "red"], ["dht:GND", "uno:GND", "black"], ["dht:SDA", "uno:2", "yellow"],
    ["ldr:1", "uno:5V", "red"], ["ldr:2", "uno:A0", "blue"], ["ldr:2", "uno:GND", "black", ["resistor:220"]],
    ["matrix:VCC", "uno:5V", "red"], ["matrix:GND", "uno:GND", "black"],
    ["matrix:DIN", "uno:11", "green"], ["matrix:CS", "uno:10", "blue"], ["matrix:CLK", "uno:13", "yellow"]
  ]
}