{
  "version": 1,
  "author": "Traffic Light System",
  "editor": "wokwi",
  "parts": [
    { "type": "wokwi-arduino-uno", "id": "uno", "top": 0, "left": 0, "attrs": {} },
    { "type": "wokwi-led", "id": "car_green", "top": 100, "left": 300, "attrs": { "color": "green" } },
    { "type": "wokwi-led", "id": "car_yellow", "top": 150, "left": 300, "attrs": { "color": "yellow" } },
    { "type": "wokwi-led", "id": "car_red", "top": 200, "left": 300, "attrs": { "color": "red" } },
    { "type": "wokwi-led", "id": "ped_red", "top": 100, "left": 400, "attrs": { "color": "red" } },
    { "type": "wokwi-led", "id": "ped_green", "top": 150, "left": 400, "attrs": { "color": "green" } },
    { "type": "wokwi-resistor", "id": "r1", "top": 100, "left": 230, "attrs": { "value": "220" } },
    { "type": "wokwi-resistor", "id": "r2", "top": 150, "left": 230, "attrs": { "value": "220" } },
    { "type": "wokwi-resistor", "id": "r3", "top": 200, "left": 230, "attrs": { "value": "220" } },
    { "type": "wokwi-resistor", "id": "r4", "top": 100, "left": 500, "attrs": { "value": "220" } },
    { "type": "wokwi-resistor", "id": "r5", "top": 150, "left": 500, "attrs": { "value": "220" } },
    { "type": "wokwi-pushbutton", "id": "btn", "top": 250, "left": 300, "attrs": {} }
  ],
  "connections": [
    [ "uno:2", "r1:1", "red" ],
    [ "r1:2", "car_green:A", "red" ],
    [ "car_green:C", "uno:GND.2", "black" ],
    
    [ "uno:3", "r2:1", "red" ],
    [ "r2:2", "car_yellow:A", "red" ],
    [ "car_yellow:C", "uno:GND.3", "black" ],
    
    [ "uno:4", "r3:1", "red" ],
    [ "r3:2", "car_red:A", "red" ],
    [ "car_red:C", "uno:GND.4", "black" ],
    
    [ "uno:5", "r4:1", "red" ],
    [ "r4:2", "ped_red:A", "red" ],
    [ "ped_red:C", "uno:GND.5", "black" ],
    
    [ "uno:6", "r5:1", "red" ],
    [ "r5:2", "ped_green:A", "red" ],
    [ "ped_green:C", "uno:GND.6", "black" ],
    
    [ "uno:7", "btn:1.l", "red" ],
    [ "btn:1.r", "uno:GND.7", "black" ]
  ]
}