{
  "version": 1,
  "author": "Schlagbaum System",
  "editor": "wokwi",
  "parts": [
    { "type": "wokwi-arduino-uno", "id": "uno", "top": 0, "left": 0, "attrs": {} },
    {
      "type": "wokwi-hc-sr04",
      "id": "ultrasonic",
      "top": -200,
      "left": 200,
      "attrs": { "distance": "400" }
    },
    { "type": "wokwi-servo", "id": "servo1", "top": 113.2, "left": 403.2, "attrs": {} },
    {
      "type": "wokwi-led",
      "id": "ledRed",
      "top": -157.2,
      "left": 90.2,
      "attrs": { "color": "red" }
    },
    {
      "type": "wokwi-led",
      "id": "ledGreen",
      "top": 15.6,
      "left": 368.6,
      "attrs": { "color": "green" }
    },
    {
      "type": "wokwi-resistor",
      "id": "r1",
      "top": -63.25,
      "left": 19.2,
      "attrs": { "value": "220" }
    },
    {
      "type": "wokwi-resistor",
      "id": "r2",
      "top": 61.55,
      "left": 316.8,
      "attrs": { "value": "220" }
    }
  ],
  "connections": [
    [ "uno:5V", "ultrasonic:VCC", "red", [] ],
    [ "uno:GND", "ultrasonic:GND", "black", [] ],
    [ "uno:2", "ultrasonic:TRIG", "blue", [] ],
    [ "uno:3", "ultrasonic:ECHO", "green", [] ],
    [ "uno:5V", "servo1:VCC", "red", [] ],
    [ "uno:GND", "servo1:GND", "black", [] ],
    [ "uno:4", "servo1:SIG", "orange", [] ],
    [ "uno:5", "r1:1", "red", [] ],
    [ "r1:2", "ledRed:A", "red", [] ],
    [ "ledRed:C", "uno:GND", "black", [] ],
    [ "uno:6", "r2:1", "green", [] ],
    [ "r2:2", "ledGreen:A", "green", [] ],
    [ "ledGreen:C", "uno:GND", "black", [] ]
  ],
  "dependencies": {}
}