{
  "version": 1,
  "author": "UART Control",
  "editor": "wokwi",
  "parts": [
    { "type": "wokwi-arduino-uno", "id": "uno", "top": 0, "left": 0, "attrs": {} },
    { "type": "wokwi-led", "id": "red", "top": 63.6, "left": 224.6, "attrs": { "color": "red" } },
    {
      "type": "wokwi-led",
      "id": "green",
      "top": 63.6,
      "left": 272.6,
      "attrs": { "color": "green" }
    },
    { "type": "wokwi-led", "id": "blue", "top": 63.6, "left": 311, "attrs": { "color": "blue" } },
    { "type": "wokwi-resistor", "id": "r1", "top": 130, "left": 170, "attrs": { "value": "220" } },
    { "type": "wokwi-resistor", "id": "r2", "top": 130, "left": 220, "attrs": { "value": "220" } },
    { "type": "wokwi-resistor", "id": "r3", "top": 130, "left": 270, "attrs": { "value": "220" } }
  ],
  "connections": [
    [ "uno:2", "r1:1", "red", [] ],
    [ "r1:2", "red:A", "red", [] ],
    [ "red:C", "uno:GND", "black", [] ],
    [ "uno:3", "r2:1", "green", [] ],
    [ "r2:2", "green:A", "green", [] ],
    [ "green:C", "uno:GND", "black", [] ],
    [ "uno:4", "r3:1", "blue", [] ],
    [ "r3:2", "blue:A", "blue", [] ],
    [ "blue:C", "uno:GND", "black", [] ]
  ],
  "dependencies": {}
}