{
  "version": 1,
  "author": "You",
  "editor": "wokwi",
  "parts": [
    {
      "type": "wokwi-arduino-uno",
      "id": "uno",
      "top": 0,
      "left": 0,
      "attrs": {}
    },
    {
      "type": "wokwi-led",
      "id": "led1",
      "top": 100,
      "left": 200,
      "attrs": { "color": "red" }
    },
    {
      "type": "wokwi-led",
      "id": "led2",
      "top": 150,
      "left": 200,
      "attrs": { "color": "green" }
    },
    {
      "type": "wokwi-potentiometer",
      "id": "pot1",
      "top": 100,
      "left": 100,
      "attrs": {}
    }
  ],
  "connections": [
    ["uno:9", "led1:A", "red"],
    ["uno:10", "led2:A", "green"],
    ["led1:C", "uno:GND", "black"],
    ["led2:C", "uno:GND", "black"],
    ["pot1:1", "uno:5V", "red"],
    ["pot1:2", "uno:A0", "yellow"],
    ["pot1:3", "uno:GND", "black"]
  ]
}